-- phpMyAdmin SQL Dump
-- version 4.8.5
-- https://www.phpmyadmin.net/
--
-- Host: 127.0.0.1
-- Waktu pembuatan: 23 Okt 2022 pada 13.58
-- Versi server: 10.1.38-MariaDB
-- Versi PHP: 5.6.40

SET SQL_MODE = "NO_AUTO_VALUE_ON_ZERO";
SET AUTOCOMMIT = 0;
START TRANSACTION;
SET time_zone = "+00:00";


/*!40101 SET @OLD_CHARACTER_SET_CLIENT=@@CHARACTER_SET_CLIENT */;
/*!40101 SET @OLD_CHARACTER_SET_RESULTS=@@CHARACTER_SET_RESULTS */;
/*!40101 SET @OLD_COLLATION_CONNECTION=@@COLLATION_CONNECTION */;
/*!40101 SET NAMES utf8mb4 */;

--
-- Database: `learning_db`
--

-- --------------------------------------------------------

--
-- Struktur dari tabel `analisis`
--

CREATE TABLE `analisis` (
  `id_analisis` int(100) NOT NULL,
  `id_ujian` int(100) NOT NULL,
  `id_soal` int(100) NOT NULL,
  `id_siswa` int(11) NOT NULL,
  `jawaban` varchar(100) NOT NULL
) ENGINE=InnoDB DEFAULT CHARSET=latin1;

--
-- Dumping data untuk tabel `analisis`
--

INSERT INTO `analisis` (`id_analisis`, `id_ujian`, `id_soal`, `id_siswa`, `jawaban`) VALUES
(1, 16, 113, 1, '1'),
(2, 16, 115, 1, '4');

-- --------------------------------------------------------

--
-- Struktur dari tabel `kelas_tugas`
--

CREATE TABLE `kelas_tugas` (
  `id_klstugas` int(11) NOT NULL,
  `id_tugas` int(11) NOT NULL,
  `id_kelas` int(5) NOT NULL,
  `id_jurusan` int(11) NOT NULL,
  `aktif` enum('Y','N') NOT NULL DEFAULT 'N'
) ENGINE=MyISAM DEFAULT CHARSET=latin1;

--
-- Dumping data untuk tabel `kelas_tugas`
--

INSERT INTO `kelas_tugas` (`id_klstugas`, `id_tugas`, `id_kelas`, `id_jurusan`, `aktif`) VALUES
(13, 10, 19, 8, 'Y');

-- --------------------------------------------------------

--
-- Struktur dari tabel `kelas_ujian`
--

CREATE TABLE `kelas_ujian` (
  `id_klsujian` int(11) NOT NULL,
  `id_ujian` int(5) NOT NULL,
  `id_kelas` int(5) NOT NULL,
  `id_jurusan` int(11) NOT NULL,
  `aktif` enum('Y','N') NOT NULL DEFAULT 'N'
) ENGINE=MyISAM DEFAULT CHARSET=latin1;

--
-- Dumping data untuk tabel `kelas_ujian`
--

INSERT INTO `kelas_ujian` (`id_klsujian`, `id_ujian`, `id_kelas`, `id_jurusan`, `aktif`) VALUES
(26, 16, 13, 8, 'Y'),
(27, 16, 13, 8, 'Y'),
(28, 16, 13, 8, 'Y');

-- --------------------------------------------------------

--
-- Struktur dari tabel `kelas_ujianessay`
--

CREATE TABLE `kelas_ujianessay` (
  `id_klsessay` int(11) NOT NULL,
  `id_ujianessay` int(11) NOT NULL,
  `id_kelas` int(5) NOT NULL,
  `id_jurusan` int(11) NOT NULL,
  `aktif` enum('Y','N') NOT NULL DEFAULT 'N'
) ENGINE=MyISAM DEFAULT CHARSET=latin1;

-- --------------------------------------------------------

--
-- Struktur dari tabel `nilai`
--

CREATE TABLE `nilai` (
  `id_nilai` int(10) NOT NULL,
  `id_siswa` int(11) NOT NULL,
  `id_ujian` varchar(100) NOT NULL,
  `acak_soal` text NOT NULL,
  `jawaban` text NOT NULL,
  `sisa_waktu` time NOT NULL,
  `waktu_selesai` time NOT NULL,
  `jml_benar` int(5) NOT NULL,
  `jml_kosong` int(5) NOT NULL,
  `jml_salah` int(5) NOT NULL,
  `nilai` varchar(5) NOT NULL
) ENGINE=MyISAM DEFAULT CHARSET=latin1;

--
-- Dumping data untuk tabel `nilai`
--

INSERT INTO `nilai` (`id_nilai`, `id_siswa`, `id_ujian`, `acak_soal`, `jawaban`, `sisa_waktu`, `waktu_selesai`, `jml_benar`, `jml_kosong`, `jml_salah`, `nilai`) VALUES
(14, 1, '16', '113,115', '1,4', '02:00:00', '22:18:58', 2, 0, 0, '100');

-- --------------------------------------------------------

--
-- Struktur dari tabel `pesan`
--

CREATE TABLE `pesan` (
  `id_pesan` int(10) NOT NULL,
  `id_pengirim` varchar(30) NOT NULL,
  `id_penerima` varchar(30) NOT NULL,
  `tanggal` date NOT NULL,
  `isi_pesan` longtext NOT NULL,
  `sudah_dibaca` enum('belum','sudah') NOT NULL,
  `id_kelas` int(11) NOT NULL,
  `id_jurusan` int(11) NOT NULL
) ENGINE=InnoDB DEFAULT CHARSET=latin1;

--
-- Dumping data untuk tabel `pesan`
--

INSERT INTO `pesan` (`id_pesan`, `id_pengirim`, `id_penerima`, `tanggal`, `isi_pesan`, `sudah_dibaca`, `id_kelas`, `id_jurusan`) VALUES
(1, '12345678', '12345678', '2022-03-25', 'Assalamualaikum pak', 'belum', 19, 8);

-- --------------------------------------------------------

--
-- Struktur dari tabel `soal`
--

CREATE TABLE `soal` (
  `id_soal` int(5) NOT NULL,
  `id_ujian` int(5) NOT NULL,
  `soal` text NOT NULL,
  `pilihan_1` text NOT NULL,
  `pilihan_2` text NOT NULL,
  `pilihan_3` text NOT NULL,
  `pilihan_4` text NOT NULL,
  `pilihan_5` text NOT NULL,
  `kunci` int(2) NOT NULL,
  `status` enum('Y','N') NOT NULL DEFAULT 'Y'
) ENGINE=MyISAM DEFAULT CHARSET=latin1;

--
-- Dumping data untuk tabel `soal`
--

INSERT INTO `soal` (`id_soal`, `id_ujian`, `soal`, `pilihan_1`, `pilihan_2`, `pilihan_3`, `pilihan_4`, `pilihan_5`, `kunci`, `status`) VALUES
(113, 16, '<p>Berapakah nilai 2+2+6 . . .</p>\r\n', '<p>10</p>\r\n', '<p>11</p>\r\n', '<p>12</p>\r\n', '<p>13</p>\r\n', '<p>14</p>\r\n', 1, 'Y'),
(115, 16, '<p>Berapa Jumlah Sudut pada Bujur Sangkar</p>\r\n', '<p>1</p>\r\n', '<p>2</p>\r\n', '<p>3</p>\r\n', '<p>4</p>\r\n', '<p>5</p>\r\n', 4, 'Y'),
(116, 17, '<p>ganda 1</p>\r\n', '<p>jh</p>\r\n', '<p>hm</p>\r\n', '<p>hmmmm</p>\r\n', '<p>hhhh</p>\r\n', '<p>whhh</p>\r\n', 1, 'Y'),
(117, 18, '<p>pg1</p>\r\n', '<p>lj</p>\r\n', '<p>ljl</p>\r\n', '<p>jljl</p>\r\n', '<p>jlj</p>\r\n', '<p>ljl</p>\r\n', 1, 'Y');

-- --------------------------------------------------------

--
-- Struktur dari tabel `soal_essay`
--

CREATE TABLE `soal_essay` (
  `id_soal` int(5) NOT NULL,
  `id_ujian` int(5) NOT NULL,
  `soal` text NOT NULL,
  `status` enum('Y','N') NOT NULL
) ENGINE=InnoDB DEFAULT CHARSET=latin1;

--
-- Dumping data untuk tabel `soal_essay`
--

INSERT INTO `soal_essay` (`id_soal`, `id_ujian`, `soal`, `status`) VALUES
(2, 16, '<p>what if</p>\r\n', 'Y'),
(3, 17, '<p>this is the essay type of q</p>\r\n', 'Y'),
(4, 18, '<p>what</p>\r\n', 'Y');

-- --------------------------------------------------------

--
-- Struktur dari tabel `tb_admin`
--

CREATE TABLE `tb_admin` (
  `id_admin` int(11) NOT NULL,
  `nama_lengkap` varchar(50) NOT NULL,
  `username` varchar(50) NOT NULL,
  `password` varchar(100) NOT NULL,
  `aktif` varchar(5) NOT NULL,
  `foto` varchar(225) NOT NULL
) ENGINE=InnoDB DEFAULT CHARSET=latin1;

--
-- Dumping data untuk tabel `tb_admin`
--

INSERT INTO `tb_admin` (`id_admin`, `nama_lengkap`, `username`, `password`, `aktif`, `foto`) VALUES
(1, 'Adminweb', 'admin', 'f865b53623b121fd34ee5426c792e5c33af8c227', 'Y', '512x512.png');

-- --------------------------------------------------------

--
-- Struktur dari tabel `tb_guru`
--

CREATE TABLE `tb_guru` (
  `id_guru` int(11) NOT NULL,
  `nik` varchar(20) NOT NULL,
  `nama_guru` varchar(120) NOT NULL,
  `email` varchar(65) NOT NULL,
  `password` varchar(255) NOT NULL,
  `foto` varchar(255) DEFAULT NULL,
  `status` varchar(5) NOT NULL,
  `date_created` date NOT NULL,
  `confirm` enum('Yes','No') NOT NULL
) ENGINE=InnoDB DEFAULT CHARSET=latin1;

--
-- Dumping data untuk tabel `tb_guru`
--

INSERT INTO `tb_guru` (`id_guru`, `nik`, `nama_guru`, `email`, `password`, `foto`, `status`, `date_created`, `confirm`) VALUES
(14, '12345678', 'Imam Syafii', 'what', '7c222fb2927d828af22f592134e8932480637c0d', '1648208181-tiny-winny.jpg', 'Y', '2021-12-28', 'Yes');

-- --------------------------------------------------------

--
-- Struktur dari tabel `tb_jenisperangkat`
--

CREATE TABLE `tb_jenisperangkat` (
  `id_jenisperangkat` int(11) NOT NULL,
  `jenis_perangkat` varchar(40) NOT NULL
) ENGINE=InnoDB DEFAULT CHARSET=latin1;

--
-- Dumping data untuk tabel `tb_jenisperangkat`
--

INSERT INTO `tb_jenisperangkat` (`id_jenisperangkat`, `jenis_perangkat`) VALUES
(6, 'Dokumen'),
(7, 'Audio'),
(8, 'Video');

-- --------------------------------------------------------

--
-- Struktur dari tabel `tb_jenistugas`
--

CREATE TABLE `tb_jenistugas` (
  `id_jenistugas` int(11) NOT NULL,
  `jenis_tugas` varchar(60) NOT NULL
) ENGINE=InnoDB DEFAULT CHARSET=latin1;

--
-- Dumping data untuk tabel `tb_jenistugas`
--

INSERT INTO `tb_jenistugas` (`id_jenistugas`, `jenis_tugas`) VALUES
(1, 'INDIVIDU'),
(2, 'KELOMPOK');

-- --------------------------------------------------------

--
-- Struktur dari tabel `tb_jenisujian`
--

CREATE TABLE `tb_jenisujian` (
  `id_jenis` int(11) NOT NULL,
  `jenis_ujian` varchar(60) NOT NULL
) ENGINE=InnoDB DEFAULT CHARSET=latin1;

--
-- Dumping data untuk tabel `tb_jenisujian`
--

INSERT INTO `tb_jenisujian` (`id_jenis`, `jenis_ujian`) VALUES
(4, 'UTS'),
(5, 'UAS'),
(6, 'KUIS');

-- --------------------------------------------------------

--
-- Struktur dari tabel `tb_master_jurusan`
--

CREATE TABLE `tb_master_jurusan` (
  `id_jurusan` int(11) NOT NULL,
  `jurusan` varchar(45) NOT NULL
) ENGINE=InnoDB DEFAULT CHARSET=latin1;

--
-- Dumping data untuk tabel `tb_master_jurusan`
--

INSERT INTO `tb_master_jurusan` (`id_jurusan`, `jurusan`) VALUES
(8, 'IPA'),
(9, 'IPS'),
(10, 'UMUM');

-- --------------------------------------------------------

--
-- Struktur dari tabel `tb_master_kelas`
--

CREATE TABLE `tb_master_kelas` (
  `id_kelas` int(11) NOT NULL,
  `kelas` varchar(45) NOT NULL
) ENGINE=InnoDB DEFAULT CHARSET=latin1;

--
-- Dumping data untuk tabel `tb_master_kelas`
--

INSERT INTO `tb_master_kelas` (`id_kelas`, `kelas`) VALUES
(13, 'X A'),
(14, 'X B'),
(15, 'X C'),
(16, 'XI A'),
(17, 'XI B'),
(18, 'XI C'),
(19, 'XII A'),
(20, 'XII B'),
(21, 'XII C');

-- --------------------------------------------------------

--
-- Struktur dari tabel `tb_master_mapel`
--

CREATE TABLE `tb_master_mapel` (
  `id_mapel` int(11) NOT NULL,
  `mapel` varchar(60) NOT NULL
) ENGINE=InnoDB DEFAULT CHARSET=latin1;

--
-- Dumping data untuk tabel `tb_master_mapel`
--

INSERT INTO `tb_master_mapel` (`id_mapel`, `mapel`) VALUES
(12, 'Matematika'),
(13, 'Fisika'),
(14, 'Kimia'),
(15, 'Biologi'),
(16, 'Geografi'),
(17, 'Bahasa Indonesia'),
(18, 'Bahasa Inggris');

-- --------------------------------------------------------

--
-- Struktur dari tabel `tb_master_semester`
--

CREATE TABLE `tb_master_semester` (
  `id_semester` int(11) NOT NULL,
  `semester` varchar(45) NOT NULL
) ENGINE=InnoDB DEFAULT CHARSET=latin1;

--
-- Dumping data untuk tabel `tb_master_semester`
--

INSERT INTO `tb_master_semester` (`id_semester`, `semester`) VALUES
(5, 'Ganjil'),
(6, 'Genap');

-- --------------------------------------------------------

--
-- Struktur dari tabel `tb_materi`
--

CREATE TABLE `tb_materi` (
  `id_materi` int(11) NOT NULL,
  `judul_materi` varchar(120) NOT NULL,
  `materi` text NOT NULL,
  `nama_file` varchar(120) NOT NULL,
  `tipe_file` varchar(20) NOT NULL,
  `ukuran_file` varchar(30) NOT NULL,
  `file` varchar(255) NOT NULL,
  `tgl_entry` date NOT NULL,
  `id_roleguru` int(11) NOT NULL,
  `public` enum('Y','N') NOT NULL
) ENGINE=InnoDB DEFAULT CHARSET=latin1;

-- --------------------------------------------------------

--
-- Struktur dari tabel `tb_perangkat`
--

CREATE TABLE `tb_perangkat` (
  `id_perangkat` int(11) NOT NULL,
  `judul` varchar(255) NOT NULL,
  `nama_file` varchar(120) NOT NULL,
  `tipe_file` varchar(20) NOT NULL,
  `ukuran_file` varchar(30) NOT NULL,
  `file` varchar(255) NOT NULL,
  `isi_perangkat` text NOT NULL,
  `id_jenisperangkat` int(11) NOT NULL,
  `tgl_entry` date NOT NULL,
  `publish` int(11) NOT NULL,
  `id_roleguru` int(11) NOT NULL
) ENGINE=InnoDB DEFAULT CHARSET=latin1;

--
-- Dumping data untuk tabel `tb_perangkat`
--

INSERT INTO `tb_perangkat` (`id_perangkat`, `judul`, `nama_file`, `tipe_file`, `ukuran_file`, `file`, `isi_perangkat`, `id_jenisperangkat`, `tgl_entry`, `publish`, `id_roleguru`) VALUES
(2, 'Tes Perangkat', '1640675869', 'text', 'File', '--', '<p>Lorem Ipsum Dolor</p>\r\n', 6, '2021-12-28', 1, 9);

-- --------------------------------------------------------

--
-- Struktur dari tabel `tb_roleguru`
--

CREATE TABLE `tb_roleguru` (
  `id_roleguru` int(11) NOT NULL,
  `id_guru` int(11) NOT NULL,
  `id_kelas` int(11) NOT NULL,
  `id_mapel` int(11) NOT NULL,
  `id_semester` int(11) NOT NULL,
  `id_jurusan` int(11) NOT NULL
) ENGINE=InnoDB DEFAULT CHARSET=latin1;

--
-- Dumping data untuk tabel `tb_roleguru`
--

INSERT INTO `tb_roleguru` (`id_roleguru`, `id_guru`, `id_kelas`, `id_mapel`, `id_semester`, `id_jurusan`) VALUES
(9, 14, 13, 12, 5, 8),
(10, 14, 19, 13, 5, 8),
(11, 14, 20, 16, 5, 9);

-- --------------------------------------------------------

--
-- Struktur dari tabel `tb_sekolah`
--

CREATE TABLE `tb_sekolah` (
  `id_sekolah` int(11) NOT NULL,
  `nama_sekolah` varchar(120) NOT NULL,
  `kepsek` varchar(120) NOT NULL,
  `textlogo` varchar(10) NOT NULL,
  `logo` varchar(255) NOT NULL,
  `copyright` varchar(255) NOT NULL
) ENGINE=InnoDB DEFAULT CHARSET=latin1;

--
-- Dumping data untuk tabel `tb_sekolah`
--

INSERT INTO `tb_sekolah` (`id_sekolah`, `nama_sekolah`, `kepsek`, `textlogo`, `logo`, `copyright`) VALUES
(1, 'SMKN 1 Wakanda', 'Drs. Samsudin', 'E-Learning', 'e_png_428941.png', ' Copyright @ 2022 <b>E-learning</b>. All rights reserved');

-- --------------------------------------------------------

--
-- Struktur dari tabel `tb_siswa`
--

CREATE TABLE `tb_siswa` (
  `id_siswa` int(11) NOT NULL,
  `nis` varchar(15) NOT NULL,
  `nama_siswa` varchar(120) NOT NULL,
  `jk` varchar(30) NOT NULL,
  `password` varchar(255) NOT NULL,
  `status` varchar(15) NOT NULL,
  `aktif` varchar(30) NOT NULL,
  `tingkat` varchar(20) NOT NULL,
  `foto` varchar(255) DEFAULT NULL,
  `id_kelas` int(11) NOT NULL,
  `id_jurusan` int(11) NOT NULL,
  `confirm` enum('Yes','No') NOT NULL
) ENGINE=InnoDB DEFAULT CHARSET=latin1 ROW_FORMAT=COMPACT;

--
-- Dumping data untuk tabel `tb_siswa`
--

INSERT INTO `tb_siswa` (`id_siswa`, `nis`, `nama_siswa`, `jk`, `password`, `status`, `aktif`, `tingkat`, `foto`, `id_kelas`, `id_jurusan`, `confirm`) VALUES
(1, '12345678', 'KARIM BENZEMA', 'L', '7c222fb2927d828af22f592134e8932480637c0d', 'Online', 'Y', '0', '1648213027-tiny-winny.jpg', 13, 8, 'Yes'),
(2, '87654321', 'VANESSA ANGEL', 'P', 'a7d579ba76398070eae654c30ff153a4c273272a', 'Online', 'Y', '0', '1648213063-tiny-winny.jpg', 13, 8, 'Yes');

-- --------------------------------------------------------

--
-- Struktur dari tabel `tb_tugas`
--

CREATE TABLE `tb_tugas` (
  `id_tugas` int(11) NOT NULL,
  `id_jenistugas` int(11) NOT NULL,
  `judul_tugas` varchar(100) NOT NULL,
  `isi_tugas` text NOT NULL,
  `tanggal` date NOT NULL,
  `waktu` int(30) NOT NULL,
  `jml_anggota` int(30) NOT NULL,
  `id_guru` int(11) NOT NULL,
  `id_mapel` int(11) NOT NULL,
  `id_semester` int(11) NOT NULL
) ENGINE=MyISAM DEFAULT CHARSET=latin1;

--
-- Dumping data untuk tabel `tb_tugas`
--

INSERT INTO `tb_tugas` (`id_tugas`, `id_jenistugas`, `judul_tugas`, `isi_tugas`, `tanggal`, `waktu`, `jml_anggota`, `id_guru`, `id_mapel`, `id_semester`) VALUES
(10, 1, 'Kerjakan Soal LKS Halaman 30 Bab Gaya', '<p>Kerjakan Soal LKS Halaman 30 Bab Gaya.&nbsp;</p>\r\n', '2022-03-25', 363, 0, 14, 13, 5);

-- --------------------------------------------------------

--
-- Struktur dari tabel `tugas_siswa`
--

CREATE TABLE `tugas_siswa` (
  `id_tgssiswa` int(11) NOT NULL,
  `id_tugas` int(11) NOT NULL,
  `subjek` varchar(120) NOT NULL,
  `id_siswa` int(11) NOT NULL,
  `kelompok` text NOT NULL,
  `nama_file` varchar(120) NOT NULL,
  `tipe_file` varchar(30) NOT NULL,
  `ukuran_file` varchar(30) NOT NULL,
  `file` varchar(255) NOT NULL,
  `tgl_upload` date NOT NULL,
  `ket` text NOT NULL
) ENGINE=InnoDB DEFAULT CHARSET=latin1;

-- --------------------------------------------------------

--
-- Struktur dari tabel `ujian`
--

CREATE TABLE `ujian` (
  `id_ujian` int(5) NOT NULL,
  `judul` varchar(50) NOT NULL,
  `tanggal` date NOT NULL,
  `waktu` time NOT NULL,
  `jml_soal` int(30) NOT NULL,
  `acak` varchar(100) NOT NULL,
  `tipe` int(1) NOT NULL,
  `id_jenis` int(11) NOT NULL,
  `id_guru` int(11) NOT NULL,
  `id_mapel` int(11) NOT NULL,
  `id_semester` int(11) NOT NULL
) ENGINE=MyISAM DEFAULT CHARSET=latin1;

--
-- Dumping data untuk tabel `ujian`
--

INSERT INTO `ujian` (`id_ujian`, `judul`, `tanggal`, `waktu`, `jml_soal`, `acak`, `tipe`, `id_jenis`, `id_guru`, `id_mapel`, `id_semester`) VALUES
(16, 'UTS Matematika 2022', '2022-10-23', '02:00:00', 10, 'acak', 0, 4, 14, 12, 5),
(17, 'ujian test', '2022-10-23', '01:00:00', 10, 'acak', 0, 6, 14, 13, 5),
(18, 'hmmm ntest', '2022-10-23', '01:00:00', 10, 'acak', 0, 5, 14, 12, 5);

-- --------------------------------------------------------

--
-- Struktur dari tabel `ujian_essay`
--

CREATE TABLE `ujian_essay` (
  `id_ujianessay` int(11) NOT NULL,
  `judul` varchar(50) NOT NULL,
  `tanggal` date NOT NULL,
  `jml_soal` int(30) NOT NULL,
  `soal_essay` text NOT NULL,
  `id_jenis` int(11) NOT NULL,
  `id_guru` int(11) NOT NULL,
  `id_mapel` int(11) NOT NULL,
  `id_semester` int(11) NOT NULL
) ENGINE=MyISAM DEFAULT CHARSET=latin1;

--
-- Indexes for dumped tables
--

--
-- Indeks untuk tabel `analisis`
--
ALTER TABLE `analisis`
  ADD PRIMARY KEY (`id_analisis`);

--
-- Indeks untuk tabel `kelas_tugas`
--
ALTER TABLE `kelas_tugas`
  ADD PRIMARY KEY (`id_klstugas`);

--
-- Indeks untuk tabel `kelas_ujian`
--
ALTER TABLE `kelas_ujian`
  ADD PRIMARY KEY (`id_klsujian`);

--
-- Indeks untuk tabel `kelas_ujianessay`
--
ALTER TABLE `kelas_ujianessay`
  ADD PRIMARY KEY (`id_klsessay`);

--
-- Indeks untuk tabel `nilai`
--
ALTER TABLE `nilai`
  ADD PRIMARY KEY (`id_nilai`);

--
-- Indeks untuk tabel `pesan`
--
ALTER TABLE `pesan`
  ADD PRIMARY KEY (`id_pesan`);

--
-- Indeks untuk tabel `soal`
--
ALTER TABLE `soal`
  ADD PRIMARY KEY (`id_soal`);

--
-- Indeks untuk tabel `soal_essay`
--
ALTER TABLE `soal_essay`
  ADD PRIMARY KEY (`id_soal`);

--
-- Indeks untuk tabel `tb_admin`
--
ALTER TABLE `tb_admin`
  ADD PRIMARY KEY (`id_admin`);

--
-- Indeks untuk tabel `tb_guru`
--
ALTER TABLE `tb_guru`
  ADD PRIMARY KEY (`id_guru`);

--
-- Indeks untuk tabel `tb_jenisperangkat`
--
ALTER TABLE `tb_jenisperangkat`
  ADD PRIMARY KEY (`id_jenisperangkat`);

--
-- Indeks untuk tabel `tb_jenistugas`
--
ALTER TABLE `tb_jenistugas`
  ADD PRIMARY KEY (`id_jenistugas`);

--
-- Indeks untuk tabel `tb_jenisujian`
--
ALTER TABLE `tb_jenisujian`
  ADD PRIMARY KEY (`id_jenis`);

--
-- Indeks untuk tabel `tb_master_jurusan`
--
ALTER TABLE `tb_master_jurusan`
  ADD PRIMARY KEY (`id_jurusan`);

--
-- Indeks untuk tabel `tb_master_kelas`
--
ALTER TABLE `tb_master_kelas`
  ADD PRIMARY KEY (`id_kelas`);

--
-- Indeks untuk tabel `tb_master_mapel`
--
ALTER TABLE `tb_master_mapel`
  ADD PRIMARY KEY (`id_mapel`);

--
-- Indeks untuk tabel `tb_master_semester`
--
ALTER TABLE `tb_master_semester`
  ADD PRIMARY KEY (`id_semester`);

--
-- Indeks untuk tabel `tb_materi`
--
ALTER TABLE `tb_materi`
  ADD PRIMARY KEY (`id_materi`),
  ADD KEY `id_roleguru` (`id_roleguru`);

--
-- Indeks untuk tabel `tb_perangkat`
--
ALTER TABLE `tb_perangkat`
  ADD PRIMARY KEY (`id_perangkat`),
  ADD KEY `id_roleguru` (`id_roleguru`);

--
-- Indeks untuk tabel `tb_roleguru`
--
ALTER TABLE `tb_roleguru`
  ADD PRIMARY KEY (`id_roleguru`),
  ADD KEY `id_guru` (`id_guru`),
  ADD KEY `id_kelas` (`id_kelas`),
  ADD KEY `id_mapel` (`id_mapel`),
  ADD KEY `id_semester` (`id_semester`),
  ADD KEY `id_jurusan` (`id_jurusan`);

--
-- Indeks untuk tabel `tb_sekolah`
--
ALTER TABLE `tb_sekolah`
  ADD PRIMARY KEY (`id_sekolah`);

--
-- Indeks untuk tabel `tb_siswa`
--
ALTER TABLE `tb_siswa`
  ADD PRIMARY KEY (`id_siswa`),
  ADD KEY `id_kelas` (`id_kelas`),
  ADD KEY `id_jurusan` (`id_jurusan`);

--
-- Indeks untuk tabel `tb_tugas`
--
ALTER TABLE `tb_tugas`
  ADD PRIMARY KEY (`id_tugas`);

--
-- Indeks untuk tabel `tugas_siswa`
--
ALTER TABLE `tugas_siswa`
  ADD PRIMARY KEY (`id_tgssiswa`);

--
-- Indeks untuk tabel `ujian`
--
ALTER TABLE `ujian`
  ADD PRIMARY KEY (`id_ujian`);

--
-- Indeks untuk tabel `ujian_essay`
--
ALTER TABLE `ujian_essay`
  ADD PRIMARY KEY (`id_ujianessay`);

--
-- AUTO_INCREMENT untuk tabel yang dibuang
--

--
-- AUTO_INCREMENT untuk tabel `analisis`
--
ALTER TABLE `analisis`
  MODIFY `id_analisis` int(100) NOT NULL AUTO_INCREMENT, AUTO_INCREMENT=3;

--
-- AUTO_INCREMENT untuk tabel `kelas_tugas`
--
ALTER TABLE `kelas_tugas`
  MODIFY `id_klstugas` int(11) NOT NULL AUTO_INCREMENT, AUTO_INCREMENT=14;

--
-- AUTO_INCREMENT untuk tabel `kelas_ujian`
--
ALTER TABLE `kelas_ujian`
  MODIFY `id_klsujian` int(11) NOT NULL AUTO_INCREMENT, AUTO_INCREMENT=29;

--
-- AUTO_INCREMENT untuk tabel `kelas_ujianessay`
--
ALTER TABLE `kelas_ujianessay`
  MODIFY `id_klsessay` int(11) NOT NULL AUTO_INCREMENT, AUTO_INCREMENT=3;

--
-- AUTO_INCREMENT untuk tabel `nilai`
--
ALTER TABLE `nilai`
  MODIFY `id_nilai` int(10) NOT NULL AUTO_INCREMENT, AUTO_INCREMENT=15;

--
-- AUTO_INCREMENT untuk tabel `pesan`
--
ALTER TABLE `pesan`
  MODIFY `id_pesan` int(10) NOT NULL AUTO_INCREMENT, AUTO_INCREMENT=2;

--
-- AUTO_INCREMENT untuk tabel `soal`
--
ALTER TABLE `soal`
  MODIFY `id_soal` int(5) NOT NULL AUTO_INCREMENT, AUTO_INCREMENT=118;

--
-- AUTO_INCREMENT untuk tabel `soal_essay`
--
ALTER TABLE `soal_essay`
  MODIFY `id_soal` int(5) NOT NULL AUTO_INCREMENT, AUTO_INCREMENT=5;

--
-- AUTO_INCREMENT untuk tabel `tb_admin`
--
ALTER TABLE `tb_admin`
  MODIFY `id_admin` int(11) NOT NULL AUTO_INCREMENT, AUTO_INCREMENT=2;

--
-- AUTO_INCREMENT untuk tabel `tb_guru`
--
ALTER TABLE `tb_guru`
  MODIFY `id_guru` int(11) NOT NULL AUTO_INCREMENT, AUTO_INCREMENT=15;

--
-- AUTO_INCREMENT untuk tabel `tb_jenisperangkat`
--
ALTER TABLE `tb_jenisperangkat`
  MODIFY `id_jenisperangkat` int(11) NOT NULL AUTO_INCREMENT, AUTO_INCREMENT=9;

--
-- AUTO_INCREMENT untuk tabel `tb_jenistugas`
--
ALTER TABLE `tb_jenistugas`
  MODIFY `id_jenistugas` int(11) NOT NULL AUTO_INCREMENT, AUTO_INCREMENT=3;

--
-- AUTO_INCREMENT untuk tabel `tb_jenisujian`
--
ALTER TABLE `tb_jenisujian`
  MODIFY `id_jenis` int(11) NOT NULL AUTO_INCREMENT, AUTO_INCREMENT=7;

--
-- AUTO_INCREMENT untuk tabel `tb_master_jurusan`
--
ALTER TABLE `tb_master_jurusan`
  MODIFY `id_jurusan` int(11) NOT NULL AUTO_INCREMENT, AUTO_INCREMENT=11;

--
-- AUTO_INCREMENT untuk tabel `tb_master_kelas`
--
ALTER TABLE `tb_master_kelas`
  MODIFY `id_kelas` int(11) NOT NULL AUTO_INCREMENT, AUTO_INCREMENT=22;

--
-- AUTO_INCREMENT untuk tabel `tb_master_mapel`
--
ALTER TABLE `tb_master_mapel`
  MODIFY `id_mapel` int(11) NOT NULL AUTO_INCREMENT, AUTO_INCREMENT=19;

--
-- AUTO_INCREMENT untuk tabel `tb_master_semester`
--
ALTER TABLE `tb_master_semester`
  MODIFY `id_semester` int(11) NOT NULL AUTO_INCREMENT, AUTO_INCREMENT=7;

--
-- AUTO_INCREMENT untuk tabel `tb_materi`
--
ALTER TABLE `tb_materi`
  MODIFY `id_materi` int(11) NOT NULL AUTO_INCREMENT;

--
-- AUTO_INCREMENT untuk tabel `tb_perangkat`
--
ALTER TABLE `tb_perangkat`
  MODIFY `id_perangkat` int(11) NOT NULL AUTO_INCREMENT, AUTO_INCREMENT=3;

--
-- AUTO_INCREMENT untuk tabel `tb_roleguru`
--
ALTER TABLE `tb_roleguru`
  MODIFY `id_roleguru` int(11) NOT NULL AUTO_INCREMENT, AUTO_INCREMENT=12;

--
-- AUTO_INCREMENT untuk tabel `tb_sekolah`
--
ALTER TABLE `tb_sekolah`
  MODIFY `id_sekolah` int(11) NOT NULL AUTO_INCREMENT, AUTO_INCREMENT=2;

--
-- AUTO_INCREMENT untuk tabel `tb_siswa`
--
ALTER TABLE `tb_siswa`
  MODIFY `id_siswa` int(11) NOT NULL AUTO_INCREMENT, AUTO_INCREMENT=3;

--
-- AUTO_INCREMENT untuk tabel `tb_tugas`
--
ALTER TABLE `tb_tugas`
  MODIFY `id_tugas` int(11) NOT NULL AUTO_INCREMENT, AUTO_INCREMENT=11;

--
-- AUTO_INCREMENT untuk tabel `tugas_siswa`
--
ALTER TABLE `tugas_siswa`
  MODIFY `id_tgssiswa` int(11) NOT NULL AUTO_INCREMENT;

--
-- AUTO_INCREMENT untuk tabel `ujian`
--
ALTER TABLE `ujian`
  MODIFY `id_ujian` int(5) NOT NULL AUTO_INCREMENT, AUTO_INCREMENT=19;

--
-- AUTO_INCREMENT untuk tabel `ujian_essay`
--
ALTER TABLE `ujian_essay`
  MODIFY `id_ujianessay` int(11) NOT NULL AUTO_INCREMENT;

--
-- Ketidakleluasaan untuk tabel pelimpahan (Dumped Tables)
--

--
-- Ketidakleluasaan untuk tabel `tb_materi`
--
ALTER TABLE `tb_materi`
  ADD CONSTRAINT `tb_materi_ibfk_1` FOREIGN KEY (`id_roleguru`) REFERENCES `tb_roleguru` (`id_roleguru`) ON DELETE CASCADE ON UPDATE CASCADE;

--
-- Ketidakleluasaan untuk tabel `tb_perangkat`
--
ALTER TABLE `tb_perangkat`
  ADD CONSTRAINT `tb_perangkat_ibfk_1` FOREIGN KEY (`id_roleguru`) REFERENCES `tb_roleguru` (`id_roleguru`) ON DELETE CASCADE ON UPDATE CASCADE;

--
-- Ketidakleluasaan untuk tabel `tb_roleguru`
--
ALTER TABLE `tb_roleguru`
  ADD CONSTRAINT `tb_roleguru_ibfk_1` FOREIGN KEY (`id_guru`) REFERENCES `tb_guru` (`id_guru`) ON DELETE CASCADE ON UPDATE CASCADE,
  ADD CONSTRAINT `tb_roleguru_ibfk_2` FOREIGN KEY (`id_jurusan`) REFERENCES `tb_master_jurusan` (`id_jurusan`) ON DELETE CASCADE ON UPDATE CASCADE,
  ADD CONSTRAINT `tb_roleguru_ibfk_3` FOREIGN KEY (`id_kelas`) REFERENCES `tb_master_kelas` (`id_kelas`) ON DELETE CASCADE ON UPDATE CASCADE,
  ADD CONSTRAINT `tb_roleguru_ibfk_4` FOREIGN KEY (`id_mapel`) REFERENCES `tb_master_mapel` (`id_mapel`) ON DELETE CASCADE ON UPDATE CASCADE,
  ADD CONSTRAINT `tb_roleguru_ibfk_5` FOREIGN KEY (`id_semester`) REFERENCES `tb_master_semester` (`id_semester`) ON DELETE CASCADE ON UPDATE CASCADE;
COMMIT;

/*!40101 SET CHARACTER_SET_CLIENT=@OLD_CHARACTER_SET_CLIENT */;
/*!40101 SET CHARACTER_SET_RESULTS=@OLD_CHARACTER_SET_RESULTS */;
/*!40101 SET COLLATION_CONNECTION=@OLD_COLLATION_CONNECTION */;
